sku,category,name,brand,model,description,specifications,price,stock,isActive
REP-RAM-001,componente,Memoria RAM Laptop DDR3 4GB 1333MHz,Kingston,DDR3-4GB,"Memoria RAM DDR3 para laptop, compatible con múltiples modelos","{""type"": ""ram"", ""capacity"": ""4GB"", ""interface"": ""DDR3"", ""speed"": ""1333MHz"", ""compatibleWith"": [""HP"", ""Dell"", ""Lenovo"", ""Acer"", ""Asus"", ""Toshiba""]}",90,2,True
REP-RAM-002,componente,Memoria RAM Laptop DDR3 8GB 1600MHz,Kingston,DDR3-8GB,Memoria RAM DDR3 de alto rendimiento para laptop,"{""type"": ""ram"", ""capacity"": ""8GB"", ""interface"": ""DDR3"", ""speed"": ""1600MHz"", ""compatibleWith"": [""HP"", ""Dell"", ""Lenovo"", ""Acer"", ""Asus"", ""Toshiba""]}",240,1,True
REP-RAM-003,componente,Memoria RAM Laptop DDR3L 8GB 12800MHz,Kingston,DDR3L-8GB,Memoria RAM DDR3L bajo voltaje para laptop,"{""type"": ""ram"", ""capacity"": ""8GB"", ""interface"": ""DDR3L"", ""speed"": ""12800MHz"", ""compatibleWith"": [""HP"", ""Dell"", ""Lenovo"", ""Acer"", ""Asus""]}",150,2,True
REP-RAM-004,componente,Memoria RAM Laptop DDR4 4GB 3200MHz,Kingston,DDR4-4GB,Memoria RAM DDR4 para laptops modernas,"{""type"": ""ram"", ""capacity"": ""4GB"", ""interface"": ""DDR4"", ""speed"": ""3200MHz"", ""compatibleWith"": [""HP"", ""Dell"", ""Lenovo"", ""Acer"", ""Asus""]}",95,1,True
REP-RAM-005,componente,Memoria RAM Laptop DDR4 8GB 3200MHz,Kingston,DDR4-8GB,Memoria RAM DDR4 de alto rendimiento,"{""type"": ""ram"", ""capacity"": ""8GB"", ""interface"": ""DDR4"", ""speed"": ""3200MHz"", ""compatibleWith"": [""HP"", ""Dell"", ""Lenovo"", ""Acer"", ""Asus""]}",150,1,True
REP-RAM-006,componente,Memoria RAM Laptop DDR4 16GB 3200MHz,Kingston,DDR4-16GB,Memoria RAM DDR4 para edición y gaming,"{""type"": ""ram"", ""capacity"": ""16GB"", ""interface"": ""DDR4"", ""speed"": ""3200MHz"", ""compatibleWith"": [""HP"", ""Dell"", ""Lenovo"", ""Acer"", ""Asus""]}",210,2,True
REP-RAM-007,componente,Memoria RAM Laptop DDR5 16GB 4800MHz,Kingston,DDR5-16GB,Memoria RAM DDR5 última generación,"{""type"": ""ram"", ""capacity"": ""16GB"", ""interface"": ""DDR5"", ""speed"": ""4800MHz"", ""compatibleWith"": [""HP"", ""Dell"", ""Lenovo"", ""Acer"", ""Asus""]}",280,0,True
REP-RAM-008,componente,Memoria RAM PC DDR3 4GB 1600MHz,TeamGroup,Elite Plus DDR3,Memoria RAM DDR3 para computadora de escritorio,"{""type"": ""ram"", ""capacity"": ""4GB"", ""interface"": ""DDR3"", ""speed"": ""1600MHz"", ""compatibleWith"": [""PC""]}",150,1,True
REP-RAM-009,componente,Memoria RAM PC DDR3 8GB 1600MHz,Kingston,DDR3-8GB-PC,Memoria RAM DDR3 8GB para PC de escritorio,"{""type"": ""ram"", ""capacity"": ""8GB"", ""interface"": ""DDR3"", ""speed"": ""1600MHz"", ""compatibleWith"": [""PC""]}",220,1,True
REP-RAM-010,componente,Memoria RAM PC DDR4 4GB 2400MHz,Kingston,DDR4-4GB-PC,Memoria RAM DDR4 para PC de escritorio,"{""type"": ""ram"", ""capacity"": ""4GB"", ""interface"": ""DDR4"", ""speed"": ""2400MHz"", ""compatibleWith"": [""PC""]}",120,1,True
REP-RAM-011,componente,Memoria RAM PC DDR4 8GB 3200MHz,Kingston,Fury Beast 8GB,Memoria RAM DDR4 de alto rendimiento para gaming,"{""type"": ""ram"", ""capacity"": ""8GB"", ""interface"": ""DDR4"", ""speed"": ""3200MHz"", ""compatibleWith"": [""PC""]}",160,2,True
REP-RAM-012,componente,Memoria RAM PC DDR4 16GB 3200MHz,APECER,DDR4-16GB-PC,Memoria RAM DDR4 16GB para estaciones de trabajo,"{""type"": ""ram"", ""capacity"": ""16GB"", ""interface"": ""DDR4"", ""speed"": ""3200MHz"", ""compatibleWith"": [""PC""]}",250,1,True
REP-SSD-001,componente,SSD 240GB SATA Kingston,Kingston,A400 240GB,"Disco estado sólido SATA 2.5 pulgadas, ideal para upgrade","{""type"": ""disco"", ""capacity"": ""240GB"", ""interface"": ""SATA III"", ""compatibleWith"": [""HP"", ""Dell"", ""Lenovo"", ""Acer"", ""Asus"", ""Toshiba""]}",160,4,True
REP-SSD-002,componente,SSD 480GB SATA Kingston A400,Kingston,A400 480GB,Disco estado sólido SATA 2.5 pulgadas de alta capacidad,"{""type"": ""disco"", ""capacity"": ""480GB"", ""interface"": ""SATA III"", ""compatibleWith"": [""HP"", ""Dell"", ""Lenovo"", ""Acer"", ""Asus"", ""Toshiba""]}",220,1,True
REP-SSD-003,componente,SSD 250GB M.2 NVMe Kingston NV2,Kingston,NV2 250GB,Disco NVMe M.2 de alta velocidad,"{""type"": ""disco"", ""capacity"": ""250GB"", ""interface"": ""M.2 NVMe PCIe"", ""compatibleWith"": [""HP"", ""Dell"", ""Lenovo"", ""Acer"", ""Asus""]}",190,1,True
REP-SSD-004,componente,SSD 500GB M.2 NVMe Kingston NV2,Kingston,NV2 500GB,Disco NVMe M.2 ideal para sistema operativo y programas,"{""type"": ""disco"", ""capacity"": ""500GB"", ""interface"": ""M.2 NVMe PCIe"", ""compatibleWith"": [""HP"", ""Dell"", ""Lenovo"", ""Acer"", ""Asus""]}",250,2,True
REP-SSD-005,componente,SSD 960GB Kingston A400,Kingston,A400 960GB,Disco estado sólido de gran capacidad para almacenamiento,"{""type"": ""disco"", ""capacity"": ""960GB"", ""interface"": ""SATA III"", ""compatibleWith"": [""HP"", ""Dell"", ""Lenovo"", ""Acer"", ""Asus"", ""Toshiba""]}",400,1,True
REP-SSD-006,componente,SSD 1TB M.2 NVMe Kingston NV3,Kingston,NV3 1TB,Disco NVMe de última generación para máximo rendimiento,"{""type"": ""disco"", ""capacity"": ""1TB"", ""interface"": ""M.2 NVMe PCIe"", ""compatibleWith"": [""HP"", ""Dell"", ""Lenovo"", ""Acer"", ""Asus""]}",310,1,True
REP-SSD-007,componente,Disco HDD 1TB interno para Laptop,Toshiba,MQ04ABF100,Disco duro mecánico 2.5 pulgadas para laptop,"{""type"": ""disco"", ""capacity"": ""1TB"", ""interface"": ""SATA III 2.5\"""", ""compatibleWith"": [""HP"", ""Dell"", ""Lenovo"", ""Acer"", ""Asus"", ""Toshiba""]}",200,0,True
REP-SSD-008,componente,Disco Externo 1TB USB 3.0,Toshiba,Canvio Basics 1TB,Disco externo portátil USB 3.0 para respaldos,"{""type"": ""disco"", ""capacity"": ""1TB"", ""interface"": ""USB 3.0"", ""compatibleWith"": [""PC"", ""laptop""]}",260,0,True
REP-CPU-001,componente,Procesador Intel Core i3 7ma Generación,Intel,i3-7100,Procesador de escritorio 7ma generación,"{""type"": ""procesador"", ""generation"": ""7ma"", ""socket"": ""LGA1151"", ""cores"": ""2"", ""threads"": ""4""}",250,3,True
REP-CPU-002,componente,Procesador Intel Core i3 9na 3.60GHz,Intel,i3-9100,"Procesador de escritorio 9na generación, 6MB Caché","{""type"": ""procesador"", ""generation"": ""9na"", ""socket"": ""LGA1151"", ""cores"": ""4"", ""threads"": ""4""}",580,1,True
REP-CPU-003,componente,Procesador Intel Core i5 10400 10ma,Intel,i5-10400,Procesador 10ma generación con gráficos integrados,"{""type"": ""procesador"", ""generation"": ""10ma"", ""socket"": ""LGA1200"", ""cores"": ""6"", ""threads"": ""12""}",650,1,True
REP-BAT-001,componente,Batería Laptop HP Externa OA04,HP,OA04,"Batería externa compatible con HP 240 G2/G3, 14-R, 15-R","{""type"": ""bateria"", ""compatibleWith"": [""HP""], ""voltage"": ""14.8V""}",130,3,True
REP-BAT-002,componente,Batería Laptop HP Externa JC04,HP,JC04,"Batería externa compatible con HP 240 G6, 250 G6, 14-BS, 15-BS","{""type"": ""bateria"", ""compatibleWith"": [""HP""], ""voltage"": ""14.6V""}",130,2,True
REP-BAT-003,componente,Batería Laptop HP Interna HT03XL,HP,HT03XL,"Batería interna compatible con HP 14-CE, 14-CF, 15-CS, 15-DA","{""type"": ""bateria"", ""compatibleWith"": [""HP""], ""voltage"": ""11.4V""}",190,1,True
REP-BAT-004,componente,Batería Laptop Lenovo B50-80,Lenovo,L13L4A01,"Batería externa para Lenovo B40, B50, B51 series","{""type"": ""bateria"", ""compatibleWith"": [""Lenovo""], ""voltage"": ""14.4V""}",130,1,True
REP-BAT-005,componente,Batería Laptop Lenovo G480/Y580,Lenovo,L11S6Y01,"Batería para Lenovo G480, G580, Y480, Y580 series","{""type"": ""bateria"", ""compatibleWith"": [""Lenovo""], ""voltage"": ""10.8V""}",130,3,True
REP-BAT-006,componente,Batería Laptop Dell M5Y1K,Dell,M5Y1K,"Batería para Dell Inspiron 3451, 3551, 5558, Vostro 3458","{""type"": ""bateria"", ""compatibleWith"": [""Dell""], ""voltage"": ""14.8V""}",130,1,True
REP-BAT-007,componente,Batería Laptop Toshiba PA5185,Toshiba,PA5185U-1BRS,"Batería para Toshiba Satellite L45, L55, C50, C55 series","{""type"": ""bateria"", ""compatibleWith"": [""Toshiba""], ""voltage"": ""14.8V""}",130,3,True
REP-BAT-008,componente,Batería Laptop Acer Interna AP19B8K,Acer,AP19B8K,Batería interna para Acer Aspire 3 A315-57 series,"{""type"": ""bateria"", ""compatibleWith"": [""Acer""], ""voltage"": ""11.25V""}",210,1,True
REP-TEC-001,componente,Teclado Laptop HP 14-BS,HP,14-BS,"Teclado interno para HP 14-BS, enter rectangular, negro","{""type"": ""teclado"", ""compatibleWith"": [""HP""], ""size"": ""14\""""}",90,1,True
REP-TEC-002,componente,Teclado Laptop HP 15-DA,HP,15-DA,"Teclado interno para HP 15-DA, 15-DB, 250 G7 series","{""type"": ""teclado"", ""compatibleWith"": [""HP""], ""size"": ""15.6\""""}",120,1,True
REP-TEC-003,componente,Teclado Laptop Lenovo G400S,Lenovo,G400S,"Teclado interno para Lenovo G400S, G405S, S410P series","{""type"": ""teclado"", ""compatibleWith"": [""Lenovo""], ""size"": ""14\""""}",90,2,True
REP-TEC-004,componente,"Teclado Laptop Lenovo V15-IIL 15.6""",Lenovo,V15-IIL,Teclado interno con botón de encendido integrado,"{""type"": ""teclado"", ""compatibleWith"": [""Lenovo""], ""size"": ""15.6\""""}",120,2,True
REP-TEC-005,componente,Teclado Laptop Acer Aspire A315-54,Acer,A315-54,Teclado interno con botón de encendido para Acer Aspire,"{""type"": ""teclado"", ""compatibleWith"": [""Acer""], ""size"": ""15.6\""""}",90,0,True
REP-TEC-006,componente,Teclado Laptop Dell Latitude 3421,Dell,Latitude 3421,"Teclado interno para Dell Latitude 3420, 3421 series","{""type"": ""teclado"", ""compatibleWith"": [""Dell""], ""size"": ""14\""""}",90,1,True
REP-PAN-001,componente,"Pantalla Laptop 14"" 30 pines HD",Genérico,Slim 14-30p,Pantalla slim 14 pulgadas HD con ganchos de sujeción,"{""type"": ""pantalla"", ""size"": ""14\"""", ""resolution"": ""HD 1366x768"", ""pins"": ""30"", ""compatibleWith"": [""HP"", ""Dell"", ""Lenovo"", ""Acer"", ""Asus""]}",250,1,True
REP-PAN-002,componente,"Pantalla Laptop 15.6"" 30 pines HD",Genérico,Slim 15.6-30p,Pantalla slim 15.6 pulgadas HD con ganchos,"{""type"": ""pantalla"", ""size"": ""15.6\"""", ""resolution"": ""HD 1366x768"", ""pins"": ""30"", ""compatibleWith"": [""HP"", ""Dell"", ""Lenovo"", ""Acer"", ""Asus"", ""Toshiba""]}",280,1,True
REP-PAN-003,componente,"Pantalla Laptop 15.6"" 40 pines HD",Genérico,Slim 15.6-40p,Pantalla slim 15.6 pulgadas HD conector de 40 pines,"{""type"": ""pantalla"", ""size"": ""15.6\"""", ""resolution"": ""HD 1366x768"", ""pins"": ""40"", ""compatibleWith"": [""HP"", ""Dell"", ""Lenovo"", ""Acer"", ""Asus""]}",350,1,True
REP-PAN-004,componente,"Pantalla Laptop 14"" 40 pines FullHD",Genérico,Slim 14-40p-FHD,"Pantalla slim 14 pulgadas FullHD para Dell, sin touch","{""type"": ""pantalla"", ""size"": ""14\"""", ""resolution"": ""FullHD 1920x1080"", ""pins"": ""40"", ""compatibleWith"": [""Dell"", ""Lenovo"", ""HP""]}",300,1,True
REP-PAN-005,componente,"Pantalla Laptop 15.6"" FullHD Acer Nitro",Genérico,AN515-FHD,Pantalla FullHD para Acer Nitro AN515 con bordes,"{""type"": ""pantalla"", ""size"": ""15.6\"""", ""resolution"": ""FullHD 1920x1080"", ""pins"": ""40"", ""compatibleWith"": [""Acer""]}",340,1,True
REP-CAR-001,componente,Cargador Laptop HP 19.5V 3.33A Punta Azul,Genérico,HP-PA-Blue,Cargador para HP con punta azul delgada 4.5x3.0mm,"{""type"": ""cargador"", ""compatibleWith"": [""HP""], ""voltage"": ""19.5V"", ""amperage"": ""3.33A""}",70,9,True
REP-CAR-002,componente,Cargador Laptop HP 18.5V 3.5A Punta Gruesa,Genérico,HP-PA-7450,Cargador para HP modelos antiguos 7.4x5.0mm,"{""type"": ""cargador"", ""compatibleWith"": [""HP""], ""voltage"": ""18.5V"", ""amperage"": ""3.5A""}",70,2,True
REP-CAR-003,componente,Cargador Laptop Lenovo 20V 3.25A Tipo USB,Genérico,LNV-USB,Cargador Lenovo con conector tipo USB rectangular,"{""type"": ""cargador"", ""compatibleWith"": [""Lenovo""], ""voltage"": ""20V"", ""amperage"": ""3.25A""}",70,8,True
REP-CAR-004,componente,Cargador Laptop Lenovo 20V 3.25A Punta Fina,Genérico,LNV-4017,Cargador Lenovo Ideapad con punta redonda 4.0x1.7mm,"{""type"": ""cargador"", ""compatibleWith"": [""Lenovo""], ""voltage"": ""20V"", ""amperage"": ""3.25A""}",70,6,True
REP-CAR-005,componente,Cargador Laptop Dell 19.5V 3.34A Punta Delgada,Genérico,DELL-4530,Cargador Dell Inspiron con punta 4.5x3.0mm,"{""type"": ""cargador"", ""compatibleWith"": [""Dell""], ""voltage"": ""19.5V"", ""amperage"": ""3.34A""}",70,4,True
REP-CAR-006,componente,Cargador Laptop Acer 19V 3.42A,Genérico,ACER-5517,Cargador Acer Aspire con punta 5.5x1.7mm,"{""type"": ""cargador"", ""compatibleWith"": [""Acer""], ""voltage"": ""19V"", ""amperage"": ""3.42A""}",70,4,True
REP-CAR-007,componente,Cargador Laptop Asus 19V 3.42A Punta Fina,Genérico,ASUS-4013,Cargador Asus VivoBook con punta 4.0x1.35mm,"{""type"": ""cargador"", ""compatibleWith"": [""Asus""], ""voltage"": ""19V"", ""amperage"": ""3.42A""}",70,13,True
REP-CAR-008,componente,Cargador Laptop Samsung 19V 3.16A,Genérico,SAM-5530,Cargador Samsung con punta 5.5x3.0mm,"{""type"": ""cargador"", ""compatibleWith"": [""Samsung""], ""voltage"": ""19V"", ""amperage"": ""3.16A""}",70,10,True
REP-CAR-009,componente,Cargador Laptop Lenovo 20V 3.25A Tipo C 65W,Genérico,LNV-TYPEC,Cargador universal USB Tipo C 65W para laptops modernas,"{""type"": ""cargador"", ""compatibleWith"": [""Lenovo"", ""HP"", ""Dell"", ""Asus"", ""Acer""], ""voltage"": ""20V"", ""amperage"": ""3.25A""}",120,1,True
REP-FLX-001,componente,Flex de Video Lenovo 15 IIL,Lenovo,15-IIL-Flex,Cable flex de video para Lenovo Ideapad 15 IIL,"{""type"": ""flex"", ""compatibleWith"": [""Lenovo""]}",90,1,True
REP-CAS-001,componente,"Case Disco 2.5"" a USB 3.0",Genérico,Case-HDD-USB3,Enclosure para disco duro de laptop a USB 3.0,"{""type"": ""case"", ""interface"": ""USB 3.0"", ""compatibleWith"": [""PC"", ""laptop""]}",45,24,True
REP-CAS-002,componente,Case Disco M.2 a USB 3.0,Genérico,Case-M2-USB3,Enclosure para disco M.2 NVMe a USB 3.0,"{""type"": ""case"", ""interface"": ""USB 3.0"", ""compatibleWith"": [""PC"", ""laptop""]}",80,3,True
REP-CDY-001,componente,Caddy 12.5mm para Segundo Disco,Genérico,Caddy-12.5,Adaptador para instalar segundo disco en lugar de lectora de CD,"{""type"": ""caddy"", ""size"": ""12.5mm"", ""compatibleWith"": [""HP"", ""Dell"", ""Lenovo"", ""Acer"", ""Asus"", ""Toshiba""]}",35,17,True
PC-OFI-001,computadora,PC Oficina Básica,CBRICENHO Custom,OFI-001,Computadora de escritorio para tareas de oficina y navegación,"{""processor"": ""Intel Celeron G6900"", ""ram"": ""8GB DDR4"", ""storage"": ""256GB SSD NVMe"", ""gpu"": ""Intel UHD 710 (integrada)"", ""useCase"": ""ofimatica""}",1800,2,True
PC-OFI-002,computadora,PC Oficina Avanzada,CBRICENHO Custom,OFI-002,Computadora para oficina con mayor capacidad de almacenamiento,"{""processor"": ""Intel Core i3-12100"", ""ram"": ""8GB DDR4"", ""storage"": ""512GB SSD NVMe"", ""gpu"": ""Intel UHD 730 (integrada)"", ""useCase"": ""ofimatica""}",2400,2,True
PC-EST-001,computadora,PC Estudiante,CBRICENHO Custom,EST-001,Computadora ideal para estudios universitarios y tareas,"{""processor"": ""Intel Core i3-12100"", ""ram"": ""16GB DDR4"", ""storage"": ""512GB SSD NVMe"", ""gpu"": ""Intel UHD 730 (integrada)"", ""useCase"": ""estudio""}",2700,3,True
PC-DIS-001,computadora,PC Diseño Gráfico,CBRICENHO Custom,DIS-001,Computadora optimizada para diseño gráfico y edición,"{""processor"": ""Intel Core i5-12400"", ""ram"": ""16GB DDR4"", ""storage"": ""512GB SSD NVMe + 1TB HDD"", ""gpu"": ""NVIDIA GTX 1650 4GB"", ""useCase"": ""diseno""}",3800,1,True
PC-DIS-002,computadora,PC Diseño Profesional,CBRICENHO Custom,DIS-002,Estación de trabajo para diseño y renderizado profesional,"{""processor"": ""Intel Core i7-12700"", ""ram"": ""32GB DDR4"", ""storage"": ""1TB SSD NVMe"", ""gpu"": ""NVIDIA RTX 3060 12GB"", ""useCase"": ""diseno""}",5500,1,True
PC-PRO-001,computadora,PC Programación,CBRICENHO Custom,PRO-001,Computadora para desarrollo de software y programación,"{""processor"": ""Intel Core i5-12400"", ""ram"": ""16GB DDR4"", ""storage"": ""512GB SSD NVMe"", ""gpu"": ""Intel UHD 730 (integrada)"", ""useCase"": ""programacion""}",3200,2,True
PC-PRO-002,computadora,PC Programación Avanzada,CBRICENHO Custom,PRO-002,Computadora para desarrollo full-stack y virtualización,"{""processor"": ""Intel Core i7-12700"", ""ram"": ""32GB DDR4"", ""storage"": ""1TB SSD NVMe"", ""gpu"": ""Intel UHD 770 (integrada)"", ""useCase"": ""programacion""}",4800,1,True
PC-GAM-001,computadora,PC Gamer Entry,CBRICENHO Custom,GAM-001,Computadora gamer de entrada para juegos populares,"{""processor"": ""Intel Core i5-12400F"", ""ram"": ""16GB DDR4"", ""storage"": ""512GB SSD NVMe"", ""gpu"": ""NVIDIA GTX 1660 Super 6GB"", ""useCase"": ""gaming""}",3500,2,True
PC-GAM-002,computadora,PC Gamer Mid,CBRICENHO Custom,GAM-002,Computadora gamer de nivel medio para juegos exigentes,"{""processor"": ""Intel Core i5-13400F"", ""ram"": ""16GB DDR4"", ""storage"": ""1TB SSD NVMe"", ""gpu"": ""NVIDIA RTX 4060 8GB"", ""useCase"": ""gaming""}",5200,1,True
PC-GAM-003,computadora,PC Gamer Pro,CBRICENHO Custom,GAM-003,Computadora gamer de alto rendimiento para juegos AAA,"{""processor"": ""Intel Core i7-13700F"", ""ram"": ""32GB DDR5"", ""storage"": ""1TB SSD NVMe"", ""gpu"": ""NVIDIA RTX 4070 12GB"", ""useCase"": ""gaming""}",7500,1,True
LAP-LNV-001,laptop,Laptop Lenovo V15 i3-13va,Lenovo,V15 G4,Laptop para uso general con procesador de 13va generación,"{""processor"": ""Intel Core i3-1315U"", ""ram"": ""8GB DDR4"", ""storage"": ""256GB SSD M.2"", ""display"": ""15.6\"" FullHD"", ""os"": ""Windows 10""}",1750,3,True
LAP-HP-001,laptop,Laptop HP 15-FD i5 13va,HP,15-FD0013LA,Laptop de alto rendimiento con pantalla FullHD de 15.6 pulgadas,"{""processor"": ""Intel Core i5-1335U"", ""ram"": ""16GB DDR4"", ""storage"": ""1TB SSD"", ""display"": ""15.6\"" FullHD"", ""os"": ""Windows 11""}",2400,0,True
LAP-LNV-002,laptop,"Laptop Lenovo Ideapad 3 14"" Ryzen 5",Lenovo,Ideapad 3 14ALC6,Laptop versátil para estudio y trabajo con AMD Ryzen 5,"{""processor"": ""AMD Ryzen 5 5500U"", ""ram"": ""8GB DDR4"", ""storage"": ""512GB SSD NVMe"", ""display"": ""14\"" FullHD"", ""os"": ""Windows 11""}",2100,2,True
LAP-ACR-001,laptop,Laptop Acer Aspire 3 i3-12va,Acer,A315-59,Laptop económica para uso diario y estudios,"{""processor"": ""Intel Core i3-1215U"", ""ram"": ""8GB DDR4"", ""storage"": ""256GB SSD"", ""display"": ""15.6\"" FullHD"", ""os"": ""Windows 11""}",1650,2,True
LAP-HP-002,laptop,Laptop HP 245 G9 Ryzen 3,HP,245 G9,Laptop empresarial compacta para trabajo de oficina,"{""processor"": ""AMD Ryzen 3 5425U"", ""ram"": ""8GB DDR4"", ""storage"": ""256GB SSD"", ""display"": ""14\"" HD"", ""os"": ""FreeDOS""}",1500,1,True
LAP-DL-001,laptop,Laptop Dell Inspiron 15 i5,Dell,Inspiron 3520,Laptop Dell con buen balance entre rendimiento y precio,"{""processor"": ""Intel Core i5-1235U"", ""ram"": ""8GB DDR4"", ""storage"": ""512GB SSD"", ""display"": ""15.6\"" FullHD"", ""os"": ""Windows 11""}",2300,1,True
LAP-LNV-003,laptop,Laptop Lenovo IdeaPad Gaming 3,Lenovo,IdeaPad Gaming 3 15IAH7,Laptop gamer de entrada con gráficos dedicados,"{""processor"": ""Intel Core i5-12500H"", ""ram"": ""16GB DDR5"", ""storage"": ""512GB SSD NVMe"", ""display"": ""15.6\"" FullHD 120Hz"", ""gpu"": ""NVIDIA RTX 3050 4GB"", ""os"": ""Windows 11""}",3800,1,True
MON-AOC-001,monitor,"Monitor AOC 19.5"" LED HD",AOC,E2070SWN,Monitor LED de 19.5 pulgadas con resolución 1600x900,"{""size"": ""19.5\"""", ""resolution"": ""1600x900"", ""panel"": ""LED"", ""ports"": ""VGA, HDMI"", ""refreshRate"": ""60Hz""}",460,1,True
MON-AOC-002,monitor,"Monitor AOC 20"" HD VGA/HDMI",AOC,20E1H,Monitor de 20 pulgadas con puertos VGA y HDMI,"{""size"": ""20\"""", ""resolution"": ""1600x900"", ""panel"": ""LED"", ""ports"": ""VGA, HDMI"", ""refreshRate"": ""60Hz""}",400,2,True
MON-AOC-003,monitor,"Monitor AOC 21.5"" FullHD",AOC,22E1H,Monitor FullHD de 21.5 pulgadas con tiempo de respuesta de 5ms,"{""size"": ""21.5\"""", ""resolution"": ""1920x1080"", ""panel"": ""LED"", ""ports"": ""VGA, HDMI"", ""refreshRate"": ""60Hz""}",460,1,True
MON-GMB-001,monitor,"Monitor GAMBYTE 24"" FullHD",GAMBYTE,G24F,Monitor FullHD de 24 pulgadas para uso general y gaming casual,"{""size"": ""24\"""", ""resolution"": ""1920x1080"", ""panel"": ""IPS"", ""ports"": ""VGA, HDMI"", ""refreshRate"": ""75Hz""}",500,2,True
MON-LG-001,monitor,"Monitor LG 24"" IPS FullHD",LG,24MK430H,Monitor IPS de 24 pulgadas con colores vibrantes,"{""size"": ""24\"""", ""resolution"": ""1920x1080"", ""panel"": ""IPS"", ""ports"": ""VGA, HDMI"", ""refreshRate"": ""75Hz""}",580,1,True
MON-SAM-001,monitor,"Monitor Samsung 27"" FullHD Curvo",Samsung,C27F390FHL,Monitor curvo de 27 pulgadas ideal para inmersión visual,"{""size"": ""27\"""", ""resolution"": ""1920x1080"", ""panel"": ""VA Curvo"", ""ports"": ""HDMI, D-Sub"", ""refreshRate"": ""60Hz""}",750,1,True
IMP-EPS-001,impresora,Impresora Multifuncional Epson L3250,Epson,L3250,"Impresora multifuncional WiFi con tanque de tinta, imprime, copia y escanea","{""type"": ""multifuncional"", ""connectivity"": ""WiFi, USB"", ""printType"": ""tinta continua"", ""functions"": ""impresión, copia, escaneo""}",800,0,True
IMP-EPS-002,impresora,Impresora Multifuncional Epson L4260,Epson,L4260,Impresora multifuncional dúplex WiFi con tanque de tinta,"{""type"": ""multifuncional"", ""connectivity"": ""WiFi, USB"", ""printType"": ""tinta continua"", ""functions"": ""impresión dúplex, copia, escaneo""}",999,0,True
IMP-EPS-003,impresora,Impresora Epson L1250 WiFi,Epson,L1250,Impresora solo impresión con WiFi y tanque de tinta,"{""type"": ""impresora"", ""connectivity"": ""WiFi, USB"", ""printType"": ""tinta continua"", ""functions"": ""impresión""}",650,2,True
IMP-CAN-001,impresora,Impresora Multifuncional Canon G3160,Canon,PIXMA G3160,Impresora multifuncional Canon con tanque de tinta recargable,"{""type"": ""multifuncional"", ""connectivity"": ""WiFi, USB"", ""printType"": ""tinta continua"", ""functions"": ""impresión, copia, escaneo""}",750,1,True
IMP-HP-001,impresora,Impresora HP Smart Tank 515 WiFi,HP,Smart Tank 515,Impresora multifuncional HP con tanque de tinta y WiFi,"{""type"": ""multifuncional"", ""connectivity"": ""WiFi, USB, Bluetooth"", ""printType"": ""tinta continua"", ""functions"": ""impresión, copia, escaneo""}",850,1,True
IMP-POR-001,impresora,Mini Impresora Portátil Bluetooth,Genérico,Mini-BT,Impresora térmica portátil conecta por Bluetooth al celular,"{""type"": ""portátil"", ""connectivity"": ""Bluetooth"", ""printType"": ""térmica"", ""functions"": ""impresión""}",110,5,True
CAM-WEB-001,camara,Cámara Web 2K con Micrófono,Micronics,Magnus 2K,Webcam 2K con micrófono integrado para videollamadas,"{""type"": ""webcam"", ""resolution"": ""2K"", ""microphone"": ""integrado""}",90,2,True
CAM-VIG-001,camara,Cámara de Vigilancia WiFi 360°,Genérico,Smart Cam 360,Cámara IP WiFi con visión nocturna y rotación 360 grados,"{""type"": ""vigilancia"", ""resolution"": ""1080p"", ""connectivity"": ""WiFi"", ""features"": ""visión nocturna, detección movimiento, audio bidireccional""}",250,1,True
CAM-WEB-002,camara,Cámara Web FullHD 1080p USB,Logitech,C270,Webcam USB 1080p para videollamadas y clases virtuales,"{""type"": ""webcam"", ""resolution"": ""1080p"", ""microphone"": ""integrado""}",120,3,True
ACC-MOU-001,accesorio,Mouse Genius DX-110 con Cable USB,Genius,DX-110,"Mouse óptico con cable USB, ideal para oficina","{""type"": ""mouse"", ""connectivity"": ""USB cable""}",35,1,True
ACC-MOU-002,accesorio,Mouse Inalámbrico Recargable,Weibo,WB-Wireless,Mouse inalámbrico recargable con receptor USB,"{""type"": ""mouse"", ""connectivity"": ""inalámbrico 2.4GHz""}",50,1,True
ACC-MOU-003,accesorio,Mouse Gamer Micronics Scorpion,Micronics,Scorpion,Mouse gamer con luces RGB y DPI ajustable,"{""type"": ""mouse"", ""connectivity"": ""USB cable"", ""dpi"": ""hasta 6400""}",60,4,True
ACC-MOU-004,accesorio,Mouse Vertical Inalámbrico Ergonómico,Genérico,Vertical-WL,Mouse vertical ergonómico para prevenir dolor de muñeca,"{""type"": ""mouse"", ""connectivity"": ""inalámbrico 2.4GHz""}",60,3,True
ACC-MOU-005,accesorio,Mouse Teros con Cable USB,Teros,TE-5073,Mouse óptico económico con cable USB,"{""type"": ""mouse"", ""connectivity"": ""USB cable""}",35,5,True
ACC-MOU-006,accesorio,Mouse Recargable Cybertel Energy,Cybertel,Energy,Mouse inalámbrico recargable diseño silencioso,"{""type"": ""mouse"", ""connectivity"": ""inalámbrico 2.4GHz""}",55,5,True
ACC-CMB-001,accesorio,Combo Teclado y Mouse Genius KM170,Genius,KM170,Kit teclado y mouse con cable USB para escritorio,"{""type"": ""combo teclado+mouse"", ""connectivity"": ""USB cable""}",75,2,True
ACC-CMB-002,accesorio,Combo Teclado y Mouse Inalámbrico Cybertel,Cybertel,Hamilton,Kit teclado y mouse inalámbrico para oficina,"{""type"": ""combo teclado+mouse"", ""connectivity"": ""inalámbrico 2.4GHz""}",90,1,True
ACC-CMB-003,accesorio,Combo Teclado y Mouse Gamer AOAS,AOAS,Gamer RGB,Kit gamer con teclado iluminado y mouse RGB,"{""type"": ""combo teclado+mouse"", ""connectivity"": ""USB cable""}",65,1,True
ACC-AUD-001,accesorio,Audífonos Inalámbricos Bluetooth M10,Genérico,M10,Audífonos TWS Bluetooth con estuche de carga,"{""type"": ""audífono"", ""connectivity"": ""Bluetooth 5.0""}",50,1,True
ACC-AUD-002,accesorio,Audífonos Inalámbricos Deportivos,Genérico,Sport-BT,Audífonos Bluetooth deportivos resistentes al sudor,"{""type"": ""audífono"", ""connectivity"": ""Bluetooth""}",30,5,True
ACC-AUD-003,accesorio,Audífono Vincha Gamer Avatec,Avatec,3067B,"Audífono gamer con micrófono, luces LED y sonido envolvente","{""type"": ""audífono"", ""connectivity"": ""USB + 3.5mm""}",75,1,True
ACC-AUD-004,accesorio,Audífono Vincha Extra Bass Bluetooth,Genérico,ExtraBass-BT,Audífono vincha Bluetooth con extra bass tipo Sony,"{""type"": ""audífono"", ""connectivity"": ""Bluetooth""}",65,5,True
ACC-AUD-005,accesorio,Audífonos Philips con Cable,Philips,TAUE100,Audífonos in-ear con cable y micrófono integrado,"{""type"": ""audífono"", ""connectivity"": ""3.5mm""}",35,5,True
ACC-TIN-001,accesorio,Tinta Epson 544 Negro Original,Epson,T544120,"Tinta negra original para impresoras Epson EcoTank L1110, L3110, L3150, L3250","{""type"": ""tinta"", ""color"": ""negro"", ""capacity"": ""65ml"", ""compatibleWith"": [""Epson L1110"", ""Epson L3110"", ""Epson L3150"", ""Epson L3250""]}",45,9,True
ACC-TIN-002,accesorio,Tinta Epson 544 Cyan Original,Epson,T544220,Tinta cyan original para impresoras Epson EcoTank,"{""type"": ""tinta"", ""color"": ""cyan"", ""capacity"": ""65ml"", ""compatibleWith"": [""Epson L1110"", ""Epson L3110"", ""Epson L3150"", ""Epson L3250""]}",45,4,True
ACC-TIN-003,accesorio,Tinta Epson 544 Magenta Original,Epson,T544320,Tinta magenta original para impresoras Epson EcoTank,"{""type"": ""tinta"", ""color"": ""magenta"", ""capacity"": ""65ml"", ""compatibleWith"": [""Epson L1110"", ""Epson L3110"", ""Epson L3150"", ""Epson L3250""]}",45,15,True
ACC-TIN-004,accesorio,Tinta Epson 544 Amarillo Original,Epson,T544420,Tinta amarilla original para impresoras Epson EcoTank,"{""type"": ""tinta"", ""color"": ""amarillo"", ""capacity"": ""65ml"", ""compatibleWith"": [""Epson L1110"", ""Epson L3110"", ""Epson L3150"", ""Epson L3250""]}",45,9,True
ACC-TIN-005,accesorio,Tinta Epson 504 Negro Original,Epson,T504120,"Tinta negra original para Epson L4150, L4160, L6161, L6171, L6191","{""type"": ""tinta"", ""color"": ""negro"", ""capacity"": ""127ml"", ""compatibleWith"": [""Epson L4150"", ""Epson L4160"", ""Epson L6161""]}",50,8,True
ACC-TIN-006,accesorio,Tinta Canon GI-10 Black,Canon,GI-10 PGBK,"Tinta negra para Canon PIXMA G5010, G6010, G7010, GM2010","{""type"": ""tinta"", ""color"": ""negro"", ""capacity"": ""170ml"", ""compatibleWith"": [""Canon G5010"", ""Canon G6010"", ""Canon G7010""]}",50,8,True
ACC-TIN-007,accesorio,Tinta Canon GI-10 Cyan,Canon,GI-10 C,"Tinta cyan para Canon PIXMA G5010, G6010, G7010","{""type"": ""tinta"", ""color"": ""cyan"", ""capacity"": ""70ml"", ""compatibleWith"": [""Canon G5010"", ""Canon G6010"", ""Canon G7010""]}",45,8,True
ACC-TIN-008,accesorio,Tinta Brother 5001 Cyan,Brother,BT5001C,"Tinta cyan para impresoras Brother DCP-T310, T510W, T710W","{""type"": ""tinta"", ""color"": ""cyan"", ""capacity"": ""48.8ml"", ""compatibleWith"": [""Brother DCP-T310"", ""Brother DCP-T510W"", ""Brother DCP-T710W""]}",45,4,True
ACC-TIN-009,accesorio,Tintas HP GT53 Negra,HP,GT53,"Tinta negra para impresoras HP Smart Tank 515, 530, 615","{""type"": ""tinta"", ""color"": ""negro"", ""capacity"": ""90ml"", ""compatibleWith"": [""HP Smart Tank 515"", ""HP Smart Tank 530"", ""HP Smart Tank 615""]}",45,0,True
ACC-TIN-010,accesorio,Tintas HP GT52 Cyan,HP,GT52 Cyan,Tinta cyan para impresoras HP Smart Tank,"{""type"": ""tinta"", ""color"": ""cyan"", ""capacity"": ""70ml"", ""compatibleWith"": [""HP Smart Tank 515"", ""HP Smart Tank 530""]}",45,5,True
ACC-CAB-001,accesorio,Cable HDMI 1.8m con Malla 4K,Genérico,HDMI-1.8M,Cable HDMI de alta velocidad con malla protectora,"{""type"": ""cable"", ""length"": ""1.8m"", ""standard"": ""HDMI 2.0""}",20,16,True
ACC-CAB-002,accesorio,Cable HDMI 5m 4K,Genérico,HDMI-5M,Cable HDMI largo para proyecciones y conexiones a distancia,"{""type"": ""cable"", ""length"": ""5m"", ""standard"": ""HDMI 2.0""}",45,5,True
ACC-CAB-003,accesorio,Cable de Datos para Impresora USB-B,Genérico,USB-Printer,Cable USB tipo A a tipo B para conectar impresoras,"{""type"": ""cable"", ""length"": ""1.5m"", ""standard"": ""USB 2.0""}",15,39,True
ACC-CAB-004,accesorio,Cable Datos/Carga USB Tipo C 5.5A,Romax,TC-5.5A,Cable de carga rápida y datos USB Tipo C,"{""type"": ""cable"", ""length"": ""1m"", ""standard"": ""USB-C""}",18,7,True
ACC-CAB-005,accesorio,Cable VGA a 2 VGA Splitter,Genérico,VGA-Split,Cable divisor VGA para duplicar señal de video,"{""type"": ""cable"", ""standard"": ""VGA""}",20,11,True
ACC-ADP-001,accesorio,Adaptador HDMI a VGA con Audio,Genérico,HDMI-VGA-AUD,Conversor HDMI a VGA con salida de audio 3.5mm,"{""type"": ""adaptador""}",30,16,True
ACC-ADP-002,accesorio,Adaptador DisplayPort a HDMI 4K,Genérico,DP-HDMI-4K,Conversor DisplayPort a HDMI compatible con resolución 4K,"{""type"": ""adaptador""}",40,16,True
ACC-ADP-003,accesorio,Adaptador USB 3.0 a RJ45 LAN,Genérico,USB3-RJ45,Adaptador de red ethernet USB 3.0 para laptops sin puerto LAN,"{""type"": ""adaptador""}",60,9,True
ACC-ADP-004,accesorio,Adaptador Tipo C a HDMI,Genérico,TC-HDMI,Conversor USB Tipo C a HDMI para laptops y celulares,"{""type"": ""adaptador""}",45,4,True
ACC-ADP-005,accesorio,Adaptador SATA a USB 3.0,Genérico,SATA-USB3,Adaptador para conectar discos SATA externos por USB 3.0,"{""type"": ""adaptador""}",40,7,True
ACC-ADP-006,accesorio,Adaptador Bluetooth USB,Genérico,BT-USB,Dongle Bluetooth USB para agregar conectividad inalámbrica a PC,"{""type"": ""adaptador""}",40,1,True
ACC-RED-001,accesorio,Router TP-Link N300 2 Antenas,TP-Link,TL-WR841N,Router inalámbrico 300Mbps ideal para hogar y oficina,"{""type"": ""router"", ""speed"": ""300Mbps"", ""antennas"": ""2""}",100,2,True
ACC-RED-002,accesorio,Router TP-Link AC1200 Doble Banda Gigabit,TP-Link,EC220-G5,Router doble banda WiFi 5 con puertos Gigabit,"{""type"": ""router"", ""speed"": ""AC1200"", ""antennas"": ""4""}",180,2,True
ACC-RED-003,accesorio,Switch TP-Link 5 Puertos,TP-Link,TL-SF1005D,Switch de red de 5 puertos 10/100Mbps,"{""type"": ""switch"", ""ports"": ""5""}",80,1,True
ACC-RED-004,accesorio,Switch D-Link 8 Puertos,D-Link,DES-1008A,Switch de red de 8 puertos 10/100Mbps,"{""type"": ""switch"", ""ports"": ""8""}",80,2,True
ACC-RED-005,accesorio,Extender HDMI 30m por RJ45,Genérico,HDMI-EXT-30M,Extensor HDMI hasta 30 metros usando cable de red CAT5/6,"{""type"": ""extensor"", ""maxDistance"": ""30m""}",60,15,True
ACC-COL-001,accesorio,Cooler para Laptop 4 Ventiladores,Genérico,CL-4FAN,Base refrigerante para laptop con 4 ventiladores y luces LED,"{""type"": ""cooler"", ""fans"": ""4""}",85,1,True
ACC-COL-002,accesorio,Cooler Gamer RGB para Laptop,Genérico,CL-RGB,Base refrigerante gamer con iluminación RGB ajustable,"{""type"": ""cooler"", ""fans"": ""2"", ""rgb"": ""sí""}",80,2,True
ACC-PAD-001,accesorio,Pad Mouse con Almohadilla de Gel,Genérico,PM-Gel,Pad mouse ergonómico con soporte de gel para muñeca,"{""type"": ""pad mouse""}",19,20,True
ACC-PAD-002,accesorio,Pad Mouse 80x30cm RGB LED,Genérico,PM-RGB-XL,Pad mouse extendido con iluminación LED RGB,"{""type"": ""pad mouse"", ""size"": ""80x30cm""}",48,1,True
ACC-MEM-001,accesorio,Memoria USB 32GB Kingston,Kingston,DT Exodia 32GB,Memoria USB 3.2 de 32GB con tapa deslizable,"{""type"": ""memoria USB"", ""capacity"": ""32GB"", ""interface"": ""USB 3.2""}",25,10,True
ACC-MEM-002,accesorio,Memoria USB 64GB Kingston,Kingston,DT Exodia 64GB,Memoria USB 3.2 de 64GB para almacenamiento portátil,"{""type"": ""memoria USB"", ""capacity"": ""64GB"", ""interface"": ""USB 3.2""}",40,5,True
ACC-MEM-003,accesorio,Memoria MicroSD 64GB Kingston,Kingston,Canvas Select Plus 64GB,"Tarjeta MicroSD con adaptador SD, ideal para celulares y cámaras","{""type"": ""microSD"", ""capacity"": ""64GB"", ""class"": ""Class 10, UHS-I""}",35,5,True
ACC-IMP-001,accesorio,Rodillos para Impresora Epson L3110-L3250,Genérico,Roller-L3250,"Kit de rodillos de alimentación para Epson L3110, L3150, L3250, L4260","{""type"": ""repuesto impresora"", ""compatibleWith"": [""Epson L3110"", ""Epson L3150"", ""Epson L3250"", ""Epson L4260""]}",60,10,True
ACC-IMP-002,accesorio,Fuente de Poder Impresora Epson 4 dígitos,Genérico,PSU-Epson-4D,"Fuente de poder compatible con Epson L4150, L4160, L4260","{""type"": ""repuesto impresora"", ""compatibleWith"": [""Epson L4150"", ""Epson L4160"", ""Epson L4260""]}",120,5,True
ACC-IMP-003,accesorio,Cabezal Epson Serie L210-L495,Epson,Cabezal L-series,Cabezal de impresión original para Epson serie L de 3 dígitos,"{""type"": ""repuesto impresora"", ""compatibleWith"": [""Epson L210"", ""Epson L220"", ""Epson L355"", ""Epson L365"", ""Epson L375"", ""Epson L395"", ""Epson L455"", ""Epson L495""]}",390,0,True
ACC-ELE-001,accesorio,Cargador Monitor LG 19V 1.3A,Genérico,LG-MON-PSU,Fuente de poder para monitores LG 19-24 pulgadas,"{""type"": ""cargador monitor"", ""compatibleWith"": [""LG""]}",60,7,True
ACC-ELE-002,accesorio,Rack para Monitor en Pared,Genérico,Rack-Wall,Soporte de pared para monitores de 14 a 42 pulgadas,"{""type"": ""soporte"", ""compatibility"": ""14-42 pulgadas""}",70,1,True
ACC-ELE-003,accesorio,Estabilizador de Voltaje 1000VA,Forza,FVR-1012,Estabilizador de voltaje con 4 tomas para proteger equipos,"{""type"": ""estabilizador"", ""capacity"": ""1000VA"", ""outlets"": ""4""}",120,3,True
ACC-ELE-004,accesorio,UPS 600VA Regulador y Batería,Forza,NT-611,"UPS con regulador integrado, protección contra apagones","{""type"": ""ups"", ""capacity"": ""600VA"", ""outlets"": ""6""}",250,2,True
ACC-HUB-001,accesorio,Hub USB 3.0 de 4 Puertos,Genérico,Hub-4P,Hub USB con 4 puertos para expandir conectividad,"{""type"": ""hub USB"", ""ports"": ""4"", ""standard"": ""USB 3.0""}",35,8,True
ACC-HUB-002,accesorio,Hub USB Tipo C 7 en 1,Genérico,Hub-TC-7in1,"Hub multiport USB-C: HDMI, USB 3.0 x2, SD, MicroSD, USB-C PD, RJ45","{""type"": ""hub USB-C"", ""ports"": ""7""}",120,3,True
ACC-CAB-006,accesorio,Cable de Poder para PC,Genérico,PWR-PC,Cable de poder estándar para fuente de computadora de escritorio,"{""type"": ""cable"", ""standard"": ""IEC C13""}",10,25,True
ACC-CAB-007,accesorio,Cable de Red UTP Cat 6 - 3m,Genérico,UTP-CAT6-3M,Cable de red categoría 6 para conexión ethernet de alta velocidad,"{""type"": ""cable"", ""length"": ""3m"", ""standard"": ""Cat 6""}",15,20,True
ACC-CAB-008,accesorio,Cable de Red UTP Cat 6 - 10m,Genérico,UTP-CAT6-10M,Cable de red de 10 metros para conexiones a distancia,"{""type"": ""cable"", ""length"": ""10m"", ""standard"": ""Cat 6""}",30,10,True
ACC-PRO-001,accesorio,"Protector de Pantalla Laptop 14""",Genérico,SP-14,Protector de pantalla antirreflejos para laptop de 14 pulgadas,"{""type"": ""protector"", ""size"": ""14\""""}",25,10,True
ACC-PRO-002,accesorio,"Protector de Pantalla Laptop 15.6""",Genérico,SP-15.6,Protector de pantalla antirreflejos para laptop de 15.6 pulgadas,"{""type"": ""protector"", ""size"": ""15.6\""""}",30,8,True
ACC-MOC-001,accesorio,"Mochila para Laptop 15.6"" con Puerto USB",Genérico,BKP-15.6,Mochila resistente al agua con compartimento acolchado para laptop y puerto USB de carga,"{""type"": ""mochila"", ""size"": ""15.6\"""", ""features"": ""puerto USB, resistente al agua""}",85,5,True
ACC-MIC-001,accesorio,Micrófono USB de Escritorio,Genérico,MIC-USB,Micrófono condensador USB para videollamadas y grabación,"{""type"": ""micr\u00f3fono"", ""connectivity"": ""USB""}",80,2,True
ACC-SPK-001,accesorio,Parlantes USB para PC,Genérico,SPK-USB-2.0,Parlantes 2.0 alimentados por USB con buen sonido para escritorio,"{""type"": ""parlante"", ""connectivity"": ""USB + 3.5mm"", ""channels"": ""2.0""}",45,6,True
ACC-SPK-002,accesorio,Parlante Bluetooth Portátil,Genérico,SPK-BT,Parlante Bluetooth portátil con batería recargable y sonido potente,"{""type"": ""parlante"", ""connectivity"": ""Bluetooth"", ""batteryLife"": ""6-8 horas""}",75,3,True
REP-FTE-001,componente,Fuente de Poder 600W para PC,Genérico,PSU-600W,Fuente de poder ATX 600W con certificación 80 Plus para PC de escritorio,"{""type"": ""fuente de poder"", ""watts"": ""600W"", ""certification"": ""80 Plus"", ""connectors"": ""24-pin, 8-pin CPU, 6+2 pin PCIe""}",200,3,True
REP-FTE-002,componente,Fuente de Poder 500W para PC,Genérico,PSU-500W,Fuente de poder ATX 500W estándar para PC de oficina,"{""type"": ""fuente de poder"", ""watts"": ""500W"", ""connectors"": ""24-pin, 4-pin CPU""}",150,4,True
REP-CSE-001,componente,Case ATX con Panel de Vidrio y 4 Ventiladores LED,GAMBYTE,Shield,Case gamer ATX con panel lateral de vidrio templado y ventiladores LED incluidos,"{""type"": ""case"", ""formFactor"": ""ATX"", ""features"": ""vidrio templado, 4 ventiladores LED""}",190,1,True
REP-CSE-002,componente,Case ATX Básico Negro,Genérico,ATX-Basic,Case ATX estándar para computadora de oficina o estudio,"{""type"": ""case"", ""formFactor"": ""ATX"", ""features"": ""2 bah\u00edas 3.5\"", 2 bah\u00edas 2.5\""""}",90,5,True
REP-PLB-001,componente,Placa Madre Intel LGA1200 H510,Genérico,H510M,Placa madre micro-ATX para procesadores Intel 10ma y 11va generación,"{""type"": ""placa madre"", ""socket"": ""LGA1200"", ""chipset"": ""H510"", ""formFactor"": ""micro-ATX"", ""ram"": ""DDR4, 2 slots""}",350,2,True
REP-PLB-002,componente,Placa Madre Intel LGA1700 B660,Genérico,B660M,Placa madre micro-ATX para procesadores Intel 12va y 13va generación,"{""type"": ""placa madre"", ""socket"": ""LGA1700"", ""chipset"": ""B660"", ""formFactor"": ""micro-ATX"", ""ram"": ""DDR4, 2 slots""}",480,1,True
LAP-ASU-001,laptop,Laptop Asus VivoBook 15 Ryzen 5,Asus,X515EA,Laptop delgada y ligera con buen rendimiento para productividad,"{""processor"": ""AMD Ryzen 5 5500U"", ""ram"": ""8GB DDR4"", ""storage"": ""512GB SSD NVMe"", ""display"": ""15.6\"" FullHD"", ""os"": ""Windows 11""}",2200,1,True
MON-ACR-001,monitor,"Monitor Acer 22"" IPS FullHD",Acer,SA220Q,Monitor IPS de 22 pulgadas con colores precisos para diseño,"{""size"": ""22\"""", ""resolution"": ""1920x1080"", ""panel"": ""IPS"", ""ports"": ""VGA, HDMI"", ""refreshRate"": ""75Hz""}",520,2,True
CAM-VIG-002,camara,Kit 4 Cámaras de Vigilancia + DVR,Hikvision,TK-4CH,"Kit de vigilancia con 4 cámaras tipo bala HD, DVR de 4 canales y accesorios","{""type"": ""kit vigilancia"", ""cameras"": ""4"", ""resolution"": ""1080p"", ""dvr"": ""4 canales"", ""storage"": ""sin disco""}",850,1,True
IMP-BRO-001,impresora,Impresora Multifuncional Brother DCP-T520W,Brother,DCP-T520W,Impresora multifuncional WiFi con tanque de tinta recargable Brother,"{""type"": ""multifuncional"", ""connectivity"": ""WiFi, USB"", ""printType"": ""tinta continua"", ""functions"": ""impresi\u00f3n, copia, escaneo""}",780,1,True
ACC-TIN-011,accesorio,Tinta Epson 664 Negro Original,Epson,T664120,"Tinta negra para impresoras Epson L120, L200, L210, L220, L355, L365","{""type"": ""tinta"", ""color"": ""negro"", ""capacity"": ""70ml"", ""compatibleWith"": [""Epson L120"", ""Epson L200"", ""Epson L210"", ""Epson L220"", ""Epson L355"", ""Epson L365""]}",45,7,True
ACC-TIN-012,accesorio,Tinta Canon GI-10 Magenta,Canon,GI-10 M,"Tinta magenta para Canon PIXMA G5010, G6010, G7010","{""type"": ""tinta"", ""color"": ""magenta"", ""capacity"": ""70ml"", ""compatibleWith"": [""Canon G5010"", ""Canon G6010"", ""Canon G7010""]}",45,6,True
ACC-TIN-013,accesorio,Tinta Brother 5001 Magenta,Brother,BT5001M,"Tinta magenta para impresoras Brother DCP-T310, T510W, T710W","{""type"": ""tinta"", ""color"": ""magenta"", ""capacity"": ""48.8ml"", ""compatibleWith"": [""Brother DCP-T310"", ""Brother DCP-T510W"", ""Brother DCP-T710W""]}",45,4,True
ACC-TIN-014,accesorio,Tinta Brother 5001 Amarillo,Brother,BT5001Y,"Tinta amarilla para impresoras Brother DCP-T310, T510W, T710W","{""type"": ""tinta"", ""color"": ""amarillo"", ""capacity"": ""48.8ml"", ""compatibleWith"": [""Brother DCP-T310"", ""Brother DCP-T510W"", ""Brother DCP-T710W""]}",45,5,True
ACC-TIN-015,accesorio,Tintas HP GT52 Magenta,HP,GT52 Magenta,Tinta magenta para impresoras HP Smart Tank,"{""type"": ""tinta"", ""color"": ""magenta"", ""capacity"": ""70ml"", ""compatibleWith"": [""HP Smart Tank 515"", ""HP Smart Tank 530""]}",45,3,True
ACC-TIN-016,accesorio,Tintas HP GT52 Amarillo,HP,GT52 Yellow,Tinta amarilla para impresoras HP Smart Tank,"{""type"": ""tinta"", ""color"": ""amarillo"", ""capacity"": ""70ml"", ""compatibleWith"": [""HP Smart Tank 515"", ""HP Smart Tank 530""]}",45,2,True
ACC-TIN-017,accesorio,Tintas Pixma 190 Negro,Canon,PG-190,"Cartucho negro para Canon Pixma G1100, G2100, G3100","{""type"": ""tinta"", ""color"": ""negro"", ""compatibleWith"": [""Canon Pixma G1100"", ""Canon Pixma G2100"", ""Canon Pixma G3100""]}",45,3,True
